<?xml version="1.0" encoding="UTF-8"?>
<!--

    ***************************************************************************
    Copyright (c) 2018 RiceFish Limited
    Project: SmartMES
    Version: 1.6

    This file is part of SmartMES.

    SmartMES is Authorized software; you can redistribute it and/or modify
    it under the terms of the GNU Affero General Public License as published
    by the Free Software Foundation; either version 3 of the License,
    or (at your option) any later version.

    This program is distributed in the hope that it will be useful,
    but WITHOUT ANY WARRANTY; without even the implied warranty
    of MERCHANTABILITY or FITNESS FOR A PARTICULAR PURPOSE.
    See the GNU Affero General Public License for more details.

    You should have received a copy of the GNU Affero General Public License
    along with this program; if not, write to the Free Software
    Foundation, Inc., 51 Franklin St, Fifth Floor, Boston, MA  02110-1301  USA
    ***************************************************************************

-->
<beans xmlns="http://www.springframework.org/schema/beans"
       xmlns:xsi="http://www.w3.org/2001/XMLSchema-instance"
       xmlns:context="http://www.springframework.org/schema/context"
       xmlns:c="http://www.springframework.org/schema/c"
       xsi:schemaLocation="
		http://www.springframework.org/schema/beans 
		http://www.springframework.org/schema/beans/spring-beans-3.0.xsd 
		http://www.springframework.org/schema/context 
		http://www.springframework.org/schema/context/spring-context-3.0.xsd">

    <context:component-scan base-package="com.qcadoo.mes.basic">
        <context:exclude-filter type="annotation"
                                expression="org.springframework.stereotype.Controller"/>
    </context:component-scan>

    <bean id="schedulerFactoryBeanBasic" class="org.springframework.scheduling.quartz.SchedulerFactoryBean">
        <property name="triggers">
            <list>
                <ref bean="deleteOldLogsTrigger"/>
                <ref bean="deleteTemporaryPalletNumberHelpersTrigger"/>
            </list>
        </property>
    </bean>

    <bean id="deleteOldLogsTrigger" class="org.springframework.scheduling.quartz.CronTriggerBean">
        <property name="jobDetail" ref="deleteOldLogs"/>
        <property name="cronExpression" value="0 0 3 * * ?"/>
    </bean>

    <bean id="deleteOldLogs"
          class="org.springframework.scheduling.quartz.MethodInvokingJobDetailFactoryBean">
        <property name="targetObject" ref="logService"/>
        <property name="targetMethod" value="deleteOldLogsTrigger"/>
    </bean>

    <bean id="deleteTemporaryPalletNumberHelpersTrigger" class="org.springframework.scheduling.quartz.CronTriggerBean">
        <property name="jobDetail" ref="deleteTemporaryPalletNumberHelpers"/>
        <property name="cronExpression" value="0 0 4 * * ?"/>
    </bean>

    <bean id="deleteTemporaryPalletNumberHelpers"
          class="org.springframework.scheduling.quartz.MethodInvokingJobDetailFactoryBean">
        <property name="targetObject" ref="palletNumbersServiceImpl"/>
        <property name="targetMethod" value="deleteTemporaryPalletNumberHelpersTrigger"/>
    </bean>

    <bean id="multipartResolver"
          class="org.springframework.web.multipart.commons.CommonsMultipartResolver"/>
          
    <bean id="dataSource" class="com.mchange.v2.c3p0.ComboPooledDataSource"
          destroy-method="close">
        <property name="driverClass" value="${dbDriverClass}"/>
        <property name="jdbcUrl" value="${dbJdbcUrl}"/>
        <property name="user" value="${dbUsername}"/>
        <property name="password" value="${dbPassword}"/>
    </bean>

    <bean id="jdbcTemplate" class="org.springframework.jdbc.core.namedparam.NamedParameterJdbcTemplate"
          c:dataSource-ref="dataSource"/>          
</beans>