<?xml version="1.0" encoding="UTF-8"?>
<!--

    ***************************************************************************
    Copyright (c) 2018 RiceFish Limited
    Project: SmartMES
    Version: 1.6

    This file is part of SmartMES.

    SmartMES is Authorized software; you can redistribute it and/or modify
    it under the terms of the GNU Affero General Public License as published
    by the Free Software Foundation; either version 3 of the License,
    or (at your option) any later version.

    This program is distributed in the hope that it will be useful,
    but WITHOUT ANY WARRANTY; without even the implied warranty
    of MERCHANTABILITY or FITNESS FOR A PARTICULAR PURPOSE.
    See the GNU Affero General Public License for more details.

    You should have received a copy of the GNU Affero General Public License
    along with this program; if not, write to the Free Software
    Foundation, Inc., 51 Franklin St, Fifth Floor, Boston, MA  02110-1301  USA
    ***************************************************************************

-->
<model name="address" activable="true"
       xmlns:xsi="http://www.w3.org/2001/XMLSchema-instance" xmlns="http://schema.qcadoo.org/model"
       xsi:schemaLocation="http://schema.qcadoo.org/model http://schema.qcadoo.org/model.xsd">

    <fields>
        <belongsTo name="company" plugin="basic" model="company" required="true"/>

        <dictionary name="addressType" dictionary="addressType" required="true"/>

        <string name="number" required="true" unique="true">
            <validatesLength max="255"/>
        </string>
        <string name="name">
            <validatesLength max="255"/>
        </string>

        <string name="phone"/>
        <string name="email"/>
        <string name="website"/>

        <string name="street"/>
        <string name="house">
            <validatesLength max="30"/>
        </string>
        <string name="flat">
            <validatesLength max="30"/>
        </string>
        <string name="zipCode"/>
        <string name="city"/>
        <string name="state"/>

        <belongsTo name="country" plugin="basic" model="country"/>

        <string name="contactPerson"/>

        <string name="externalNumber" unique="true"/>

        <boolean name="canBeDeleted" default="false" required="true"/>
    </fields>

    <hooks>
        <validatesWith class="com.qcadoo.mes.basic.hooks.AddressHooks"
                       method="validatesWith"/>
        <onCreate class="com.qcadoo.mes.basic.hooks.AddressHooks"
                  method="onCreate"/>
        <onDelete class="com.qcadoo.mes.basic.hooks.AddressHooks"
                       method="onDelete"/>
    </hooks>

    <identifier expression="#number"/>

</model>