<?xml version="1.0" encoding="UTF-8"?>
<!--

    ***************************************************************************
    Copyright (c) 2018 RiceFish Limited
    Project: SmartMES
    Version: 1.6

    This file is part of SmartMES.

    SmartMES is Authorized software; you can redistribute it and/or modify
    it under the terms of the GNU Affero General Public License as published
    by the Free Software Foundation; either version 3 of the License,
    or (at your option) any later version.

    This program is distributed in the hope that it will be useful,
    but WITHOUT ANY WARRANTY; without even the implied warranty
    of MERCHANTABILITY or FITNESS FOR A PARTICULAR PURPOSE.
    See the GNU Affero General Public License for more details.

    You should have received a copy of the GNU Affero General Public License
    along with this program; if not, write to the Free Software
    Foundation, Inc., 51 Franklin St, Fifth Floor, Boston, MA  02110-1301  USA
    ***************************************************************************

-->
<model name="company" activable="true"
       xmlns:xsi="http://www.w3.org/2001/XMLSchema-instance" xmlns="http://schema.qcadoo.org/model"
       xsi:schemaLocation="http://schema.qcadoo.org/model http://schema.qcadoo.org/model.xsd">

    <fields>
        <string name="number" required="true" unique="true">
            <validatesLength max="255"/>
        </string>
        <string name="name" required="true">
            <validatesLength max="255"/>
        </string>
        <belongsTo name="taxCountryCode" plugin="basic" model="country"/>
        <string name="tax"/>

        <string name="phone"/>
        <string name="email"/>
        <string name="website"/>

        <string name="street"/>
        <string name="house">
            <validatesLength max="30"/>
        </string>
        <string name="flat">
            <validatesLength max="30"/>
        </string>
        <string name="zipCode"/>
        <string name="city"/>
        <string name="state"/>

        <belongsTo name="country" plugin="basic" model="country"/>

        <string name="contactPerson"/>

        <string name="externalNumber" unique="true"/>

        <manyToMany name="workstations" plugin="basic" model="workstation" joinField="companies" cascade="nullify"/>
        <manyToMany name="subassemblies" plugin="basic" model="subassembly" joinField="companies" cascade="nullify"/>

        <hasMany name="producedProducts" plugin="basic" model="product" joinField="producer"
                 cascade="nullify"/>

        <boolean name="isSupplier" default="false" required="true"/>
        <boolean name="isReceiver" default="false" required="true"/>

        <hasMany name="addresses" model="address" plugin="basic" joinField="company"
                 cascade="delete"/>
    </fields>

    <hooks>
        <validatesWith class="com.qcadoo.mes.basic.hooks.CompanyHooks"
                       method="validatesWith"/>
        <onCreate class="com.qcadoo.mes.basic.hooks.CompanyHooks"
                  method="onCreate"/>
        <onSave class="com.qcadoo.mes.basic.hooks.CompanyHooks"
                  method="onSave"/>
        <onCopy method="onCopy" class="com.qcadoo.mes.basic.hooks.CompanyHooks"/>
        <onDelete method="onDelete" class="com.qcadoo.mes.basic.hooks.CompanyHooks"/>
    </hooks>

    <identifier expression="#number + ' - ' + #name"/>

</model>