<?xml version="1.0" encoding="UTF-8"?>
<!--

    ***************************************************************************
    Copyright (c) 2018 RiceFish Limited
    Project: SmartMES
    Version: 1.6

    This file is part of SmartMES.

    SmartMES is Authorized software; you can redistribute it and/or modify
    it under the terms of the GNU Affero General Public License as published
    by the Free Software Foundation; either version 3 of the License,
    or (at your option) any later version.

    This program is distributed in the hope that it will be useful,
    but WITHOUT ANY WARRANTY; without even the implied warranty
    of MERCHANTABILITY or FITNESS FOR A PARTICULAR PURPOSE.
    See the GNU Affero General Public License for more details.

    You should have received a copy of the GNU Affero General Public License
    along with this program; if not, write to the Free Software
    Foundation, Inc., 51 Franklin St, Fifth Floor, Boston, MA  02110-1301  USA
    ***************************************************************************

-->
<model name="log" activable="false" deletable="false" updatable="false" xmlns:xsi="http://www.w3.org/2001/XMLSchema-instance"
       xmlns="http://schema.qcadoo.org/model"
       xsi:schemaLocation="http://schema.qcadoo.org/model http://schema.qcadoo.org/model.xsd">
    <fields>
        <datetime name="createTime" required="true"/>
        <belongsTo name="user" model="user" plugin="smartSecurity" required="true"/>
        <enum name="logType" values="order" required="true"/>
        <string name="action"/>
        <text name="message"/>
        <string name="item1"/>
        <string name="item2"/>
        <string name="item3"/>
        <text name="details"/>
        <enum name="logLevel" values="01trace,02debug,03info,04warn,05error,06fatal" default="01trace" required="true"/>
    </fields>

    <hooks/>

    <identifier expression="#logType + ' - ' + #createTime"/>
</model>