<?xml version="1.0" encoding="UTF-8"?>
<!--

    ***************************************************************************
    Copyright (c) 2018 RiceFish Limited
    Project: SmartMES
    Version: 1.6

    This file is part of SmartMES.

    SmartMES is Authorized software; you can redistribute it and/or modify
    it under the terms of the GNU Affero General Public License as published
    by the Free Software Foundation; either version 3 of the License,
    or (at your option) any later version.

    This program is distributed in the hope that it will be useful,
    but WITHOUT ANY WARRANTY; without even the implied warranty
    of MERCHANTABILITY or FITNESS FOR A PARTICULAR PURPOSE.
    See the GNU Affero General Public License for more details.

    You should have received a copy of the GNU Affero General Public License
    along with this program; if not, write to the Free Software
    Foundation, Inc., 51 Franklin St, Fifth Floor, Boston, MA  02110-1301  USA
    ***************************************************************************

-->
<model name="product" activable="true" auditable="true" versionable="true"
       xmlns:xsi="http://www.w3.org/2001/XMLSchema-instance" xmlns="http://schema.qcadoo.org/model"
       xsi:schemaLocation="http://schema.qcadoo.org/model http://schema.qcadoo.org/model.xsd">
    <fields>
        <string name="number" required="true" unique="true">
            <validatesLength max="255"/>
        </string>
        <string name="name" required="true">
            <validatesLength max="1024"/>
        </string>
        <enum name="globalTypeOfMaterial" values="01component,02intermediate,03finalProduct,04waste"/>
        <string name="ean">
            <validatesWith class="com.qcadoo.mes.basic.validators.ProductValidators"
                           method="checkEanUniqueness"/>
        </string>
        <dictionary name="category" dictionary="categories"/>
        <dictionary name="unit" dictionary="units" required="true"/>
        <hasMany name="substitutes" model="substitute" joinField="product"
                 cascade="delete" copyable="true"/>
        <hasMany name="substituteComponents" model="substituteComponent"
                 joinField="baseProduct" cascade="delete"/>
        <hasMany name="productsToSubstitute" model="substituteComponent"
                 joinField="product" cascade="nullify"/>

        <string name="externalNumber" unique="true"/>
        <string name="description">
            <validatesLength max="2048"/>
        </string>

        <hasMany name="conversionItems" joinField="product" model="unitConversionItem"
                 plugin="smartModel" cascade="delete"/>

        <!-- PRODUCTS FAMILY TREE -->
        <belongsTo name="parent" model="product"/>
        <belongsTo name="child" model="product" persistent="false"/>
        <hasMany name="productFamilyChildrens" joinField="parent"
                 model="product"/>
        <tree name="productFamilyChildrenTree" joinField="parent" model="product"
              cascade="nullify" persistent="false"/>
        <integer name="priority" persistent="false"/>
        <string name="nodeNumber"/>
        <enum name="entityType" values="01particularProduct,02productsFamily"
              default="01particularProduct" required="true"/>

        <belongsTo name="producer" model="company" plugin="basic"/>

        <dictionary name="additionalUnit" dictionary="units"/>
        <hasMany name="additionalCodes" model="additionalCode" joinField="product" cascade="delete"/>
        <belongsTo name="assortment" model="assortment"/>
    </fields>

    <hooks>
        <validatesWith class="com.qcadoo.mes.basic.hooks.ProductHooks"
                       method="checkIfNotBelongsToSameFamily"/>
        <validatesWith class="com.qcadoo.mes.basic.hooks.ProductHooks"
                       method="checkIfParentIsFamily"/>

        <validatesWith class="com.qcadoo.mes.basic.hooks.ProductHooks"
                       method="validateAdditionalUnit"/>

        <validatesWith class="com.qcadoo.mes.basic.hooks.ProductHooks"
                       method="validateCodeUniqueness"/>

        <onCreate class="com.qcadoo.mes.basic.hooks.ProductHooks"
                  method="generateNodeNumber"/>
        <onCreate class="com.qcadoo.mes.basic.ProductService" method="fillUnit"/>
        <onCreate class="com.qcadoo.mes.basic.hooks.ProductHooks"
                  method="calculateConversionOnCreate"/>

        <onSave class="com.qcadoo.mes.basic.hooks.ProductHooks" method="updateNodeNumber"/>
        <onSave class="com.qcadoo.mes.basic.hooks.ProductHooks" method="clearFamilyFromProductWhenTypeIsChanged"/>

        <onCopy class="com.qcadoo.mes.basic.hooks.ProductHooks" method="generateNodeNumber"/>
        <onCopy class="com.qcadoo.mes.basic.hooks.ProductHooks" method="clearExternalIdOnCopy"/>
        <onCopy class="com.qcadoo.mes.basic.hooks.ProductHooks" method="clearFieldsOnCopy"/>

        <onUpdate class="com.qcadoo.mes.basic.hooks.ProductHooks"
                  method="calculateConversionIfUnitChanged"/>
    </hooks>

    <identifier expression="#number + ' - ' + #name"/>
</model>