<?xml version="1.0" encoding="UTF-8"?>
<!--

    ***************************************************************************
    Copyright (c) 2018 RiceFish Limited
    Project: SmartMES
    Version: 1.6

    This file is part of SmartMES.

    SmartMES is Authorized software; you can redistribute it and/or modify
    it under the terms of the GNU Affero General Public License as published
    by the Free Software Foundation; either version 3 of the License,
    or (at your option) any later version.

    This program is distributed in the hope that it will be useful,
    but WITHOUT ANY WARRANTY; without even the implied warranty
    of MERCHANTABILITY or FITNESS FOR A PARTICULAR PURPOSE.
    See the GNU Affero General Public License for more details.

    You should have received a copy of the GNU Affero General Public License
    along with this program; if not, write to the Free Software
    Foundation, Inc., 51 Franklin St, Fifth Floor, Boston, MA  02110-1301  USA
    ***************************************************************************

-->
<model name="shift" xmlns:xsi="http://www.w3.org/2001/XMLSchema-instance"
	xmlns="http://schema.qcadoo.org/model"
	xsi:schemaLocation="http://schema.qcadoo.org/model http://schema.qcadoo.org/model.xsd">
	<fields>
		<string name="name" required="true" unique="true">
			<validatesLength max="1024" />
		</string>
		<boolean name="mondayWorking" default="true" />
		<string name="mondayHours" required="false">
			<validatesLength max="255" />
			<!-- TODO DEV_TEAM - imho we should add regex validators for all of *Working fields -->
			<!-- <validatesRegex pattern="\d{1,2}:\d{2}-\d{1,2}:\d{2}(,\d{1,2}:\d{2}-\d{1,2}:\d{2})*" message="some msg" /> -->
		</string>
		<boolean name="tuesdayWorking" default="true" />
		<string name="tuesdayHours" required="false">
			<validatesLength max="255" />
		</string>
		<boolean name="wensdayWorking" default="true" />
		<string name="wensdayHours" required="false">
			<validatesLength max="255" />
		</string>
		<boolean name="thursdayWorking" default="true" />
		<string name="thursdayHours" required="false">
			<validatesLength max="255" />
		</string>
		<boolean name="fridayWorking" default="true" />
		<string name="fridayHours" required="false">
			<validatesLength max="255" />
		</string>
		<boolean name="saturdayWorking" default="false" />
		<string name="saturdayHours" required="false">
			<validatesLength max="255" />
		</string>
		<boolean name="sundayWorking" default="false" />
		<string name="sundayHours" required="false">
			<validatesLength max="255" />
		</string>
		<hasMany name="timetableExceptions" model="shiftTimetableException"
			joinField="shift" cascade="delete" copyable="true" />
                
                <manyToMany name="productionLines" joinField="shifts" model="productionLine" cascade="nullify" plugin="productionLines" />
	</fields>

	<hooks>
		<validatesWith class="com.qcadoo.mes.basic.ShiftsServiceImpl"
			method="validateShiftHoursField" />
	</hooks>
</model>