<?xml version="1.0" encoding="UTF-8"?>
<!--

    ***************************************************************************
    Copyright (c) 2018 RiceFish Limited
    Project: SmartMES
    Version: 1.6

    This file is part of SmartMES.

    SmartMES is Authorized software; you can redistribute it and/or modify
    it under the terms of the GNU Affero General Public License as published
    by the Free Software Foundation; either version 3 of the License,
    or (at your option) any later version.

    This program is distributed in the hope that it will be useful,
    but WITHOUT ANY WARRANTY; without even the implied warranty
    of MERCHANTABILITY or FITNESS FOR A PARTICULAR PURPOSE.
    See the GNU Affero General Public License for more details.

    You should have received a copy of the GNU Affero General Public License
    along with this program; if not, write to the Free Software
    Foundation, Inc., 51 Franklin St, Fifth Floor, Boston, MA  02110-1301  USA
    ***************************************************************************

-->
<model name="workstation" activable="true"
       xmlns:xsi="http://www.w3.org/2001/XMLSchema-instance" xmlns="http://schema.qcadoo.org/model"
       xsi:schemaLocation="http://schema.qcadoo.org/model http://schema.qcadoo.org/model.xsd">
    <fields>
        <string name="number" required="true" unique="true">
            <validatesLength max="255"/>
        </string>
        <string name="name" required="true">
            <validatesLength max="1024"/>
        </string>
        <string name="description">
            <validatesLength max="2048"/>
        </string>
        <belongsTo name="workstationType" model="workstationType" required="true"/>
        <belongsTo name="division" model="division">
            <!--<validatesWith-->
            <!--class="com.qcadoo.mes.basic.validators.WorkstationValidators"-->
            <!--method="checkIfDevisionChanged" />-->
        </belongsTo>

        <string name="serialNumber"/>
        <string name="udtNumber"/>
        <string name="series"/>
        <string name="producer"/>
        <date name="productionDate"/>
        <string name="wnkNumber"/>
        <manyToMany name="companies" model="company" joinField="workstations" cascade="nullify"/>
        <hasMany name="attachments" model="workstationAttachment" joinField="workstation" cascade="delete"/>
        <hasMany name="subassemblies" model="subassembly" joinField="workstation" cascade="nullify"/>
        <hasMany name="subassembliesHelpers" model="subassemblyToWorkstationHelper" joinField="workstation"
                 cascade="nullify"/>

        <manyToMany name="faultTypes" model="faultType" joinField="workstations" cascade="nullify"/>
    </fields>

    <hooks>
        <onDelete class="com.qcadoo.mes.basic.hooks.WorkstationModelHooks" method="onDelete"/>
    </hooks>

    <identifier expression="#number + ' - ' + #name"/>
</model>
