<!--

    ***************************************************************************
    Copyright (c) 2010 Qcadoo Limited
    Project: Qcadoo MES
    Version: 1.4

    This file is part of Qcadoo.

    Qcadoo is free software; you can redistribute it and/or modify
    it under the terms of the GNU Affero General Public License as published
    by the Free Software Foundation; either version 3 of the License,
    or (at your option) any later version.

    This program is distributed in the hope that it will be useful,
    but WITHOUT ANY WARRANTY; without even the implied warranty
    of MERCHANTABILITY or FITNESS FOR A PARTICULAR PURPOSE.
    See the GNU Affero General Public License for more details.

    You should have received a copy of the GNU Affero General Public License
    along with this program; if not, write to the Free Software
    Foundation, Inc., 51 Franklin St, Fifth Floor, Boston, MA  02110-1301  USA
    ***************************************************************************

-->
<!DOCTYPE aspectj PUBLIC
        "-//AspectJ//DTD//EN" "http://www.eclipse.org/aspectj/dtd/aspectj.dtd">
<aspectj>
<!-- 	<weaver options="-showWeaveInfo -verbose -debug"> -->
	<weaver options="">
		<exclude within="com.qcadoo..*CGLIB*" />
		<exclude within="com.qcadoo.model.beans..*" />
		<exclude within="org.objectweb.asm..*" />
		<exclude within="javassist..*" />
		<exclude within="net.sf.cglib..*" />
		<exclude within="net.sf.jasperreports..*" />
		<exclude within="com.mchange..*" />
		<exclude within="org.hibernate..*" />
		<exclude within="$Proxy*" />
		<exclude within="org.apache.log4j..*" />
	</weaver>
</aspectj>
