<?xml version="1.0" encoding="UTF-8"?>
<!--

    ***************************************************************************
    Copyright (c) 2018 RiceFish Limited
    Project: SmartMES
    Version: 1.6

    This file is part of SmartMES.

    SmartMES is Authorized software; you can redistribute it and/or modify
    it under the terms of the GNU Affero General Public License as published
    by the Free Software Foundation; either version 3 of the License,
    or (at your option) any later version.

    This program is distributed in the hope that it will be useful,
    but WITHOUT ANY WARRANTY; without even the implied warranty
    of MERCHANTABILITY or FITNESS FOR A PARTICULAR PURPOSE.
    See the GNU Affero General Public License for more details.

    You should have received a copy of the GNU Affero General Public License
    along with this program; if not, write to the Free Software
    Foundation, Inc., 51 Franklin St, Fifth Floor, Boston, MA  02110-1301  USA
    ***************************************************************************

-->
<currency>
	<row CURRENCY="Afghani" ALPHABETICCODE="AFN" ISOCODE="971" MINORUNIT="2" />
	<row CURRENCY="Euro" ALPHABETICCODE="EUR" ISOCODE="978" MINORUNIT="2" />
	<row CURRENCY="Lek" ALPHABETICCODE="ALL" ISOCODE="008" MINORUNIT="2" />
	<row CURRENCY="Algerian Dinar" ALPHABETICCODE="DZD" ISOCODE="012" MINORUNIT="2" />
	<row CURRENCY="US Dollar" ALPHABETICCODE="USD" ISOCODE="840" MINORUNIT="2" />
	<row CURRENCY="Kwanza" ALPHABETICCODE="AOA" ISOCODE="973" MINORUNIT="2" />
	<row CURRENCY="East Caribbean Dollar" ALPHABETICCODE="XCD" ISOCODE="951" MINORUNIT="2" />
	<row CURRENCY="Argentine Peso" ALPHABETICCODE="ARS" ISOCODE="032" MINORUNIT="2" />
	<row CURRENCY="Armenian Dram" ALPHABETICCODE="AMD" ISOCODE="051" MINORUNIT="2" />
	<row CURRENCY="Aruban Florin" ALPHABETICCODE="AWG" ISOCODE="533" MINORUNIT="2" />
	<row CURRENCY="Australian Dollar" ALPHABETICCODE="AUD" ISOCODE="036" MINORUNIT="2" />
	<row CURRENCY="Azerbaijanian Manat" ALPHABETICCODE="AZN" ISOCODE="944" MINORUNIT="2" />
	<row CURRENCY="Bahamian Dollar" ALPHABETICCODE="BSD" ISOCODE="044" MINORUNIT="2" />
	<row CURRENCY="Bahraini Dinar" ALPHABETICCODE="BHD" ISOCODE="048" MINORUNIT="3" />
	<row CURRENCY="Taka" ALPHABETICCODE="BDT" ISOCODE="050" MINORUNIT="2" />
	<row CURRENCY="Barbados Dollar" ALPHABETICCODE="BBD" ISOCODE="052" MINORUNIT="2" />
	<row CURRENCY="Belarussian Ruble" ALPHABETICCODE="BYR" ISOCODE="974" MINORUNIT="0" />
	<row CURRENCY="Belize Dollar" ALPHABETICCODE="BZD" ISOCODE="084" MINORUNIT="2" />
	<row CURRENCY="CFA Franc BCEAO" ALPHABETICCODE="XOF" ISOCODE="952" MINORUNIT="0" />
	<row CURRENCY="Bermudian Dollar" ALPHABETICCODE="BMD" ISOCODE="060" MINORUNIT="2" />
	<row CURRENCY="Indian Rupee" ALPHABETICCODE="INR" ISOCODE="356" MINORUNIT="2" />
	<row CURRENCY="Ngultrum" ALPHABETICCODE="BTN" ISOCODE="064" MINORUNIT="2" />
	<row CURRENCY="Boliviano" ALPHABETICCODE="BOB" ISOCODE="068" MINORUNIT="2" />
	<row CURRENCY="Mvdol" ALPHABETICCODE="BOV" ISOCODE="984" MINORUNIT="2" />
	<row CURRENCY="Convertible Mark" ALPHABETICCODE="BAM" ISOCODE="977" MINORUNIT="2" />
	<row CURRENCY="Pula" ALPHABETICCODE="BWP" ISOCODE="072" MINORUNIT="2" />
	<row CURRENCY="Norwegian Krone" ALPHABETICCODE="NOK" ISOCODE="578" MINORUNIT="2" />
	<row CURRENCY="Brazilian Real" ALPHABETICCODE="BRL" ISOCODE="986" MINORUNIT="2" />
	<row CURRENCY="Brunei Dollar" ALPHABETICCODE="BND" ISOCODE="096" MINORUNIT="2" />
	<row CURRENCY="Bulgarian Lev" ALPHABETICCODE="BGN" ISOCODE="975" MINORUNIT="2" />
	<row CURRENCY="Burundi Franc" ALPHABETICCODE="BIF" ISOCODE="108" MINORUNIT="0" />
	<row CURRENCY="Riel" ALPHABETICCODE="KHR" ISOCODE="116" MINORUNIT="2" />
	<row CURRENCY="CFA Franc BEAC" ALPHABETICCODE="XAF" ISOCODE="950" MINORUNIT="0" />
	<row CURRENCY="Canadian Dollar" ALPHABETICCODE="CAD" ISOCODE="124" MINORUNIT="2" />
	<row CURRENCY="Cape Verde Escudo" ALPHABETICCODE="CVE" ISOCODE="132" MINORUNIT="2" />
	<row CURRENCY="Cayman Islands Dollar" ALPHABETICCODE="KYD" ISOCODE="136" MINORUNIT="2" />
	<row CURRENCY="Chilean Peso" ALPHABETICCODE="CLP" ISOCODE="152" MINORUNIT="0" />
	<row CURRENCY="Unidades de fomento" ALPHABETICCODE="CLF" ISOCODE="990" MINORUNIT="0" />
	<row CURRENCY="Yuan Renminbi" ALPHABETICCODE="CNY" ISOCODE="156" MINORUNIT="2" />
	<row CURRENCY="Colombian Peso" ALPHABETICCODE="COP" ISOCODE="170" MINORUNIT="2" />
	<row CURRENCY="Unidad de Valor Real" ALPHABETICCODE="COU" ISOCODE="970" MINORUNIT="2" />
	<row CURRENCY="Comoro Franc" ALPHABETICCODE="KMF" ISOCODE="174" MINORUNIT="0" />
	<row CURRENCY="Congolese Franc" ALPHABETICCODE="CDF" ISOCODE="976" MINORUNIT="2" />
	<row CURRENCY="New Zealand Dollar" ALPHABETICCODE="NZD" ISOCODE="554" MINORUNIT="2" />
	<row CURRENCY="Costa Rican Colon" ALPHABETICCODE="CRC" ISOCODE="188" MINORUNIT="2" />
	<row CURRENCY="Croatian Kuna" ALPHABETICCODE="HRK" ISOCODE="191" MINORUNIT="2" />
	<row CURRENCY="Cuban Peso" ALPHABETICCODE="CUP" ISOCODE="192" MINORUNIT="2" />
	<row CURRENCY="Peso Convertible" ALPHABETICCODE="CUC" ISOCODE="931" MINORUNIT="2" />
	<row CURRENCY="Netherlands Antillean Guilder" ALPHABETICCODE="ANG" ISOCODE="532" MINORUNIT="2" />
	<row CURRENCY="Czech Koruna" ALPHABETICCODE="CZK" ISOCODE="203" MINORUNIT="2" />
	<row CURRENCY="Danish Krone" ALPHABETICCODE="DKK" ISOCODE="208" MINORUNIT="2" />
	<row CURRENCY="Djibouti Franc" ALPHABETICCODE="DJF" ISOCODE="262" MINORUNIT="0" />
	<row CURRENCY="Dominican Peso" ALPHABETICCODE="DOP" ISOCODE="214" MINORUNIT="2" />
	<row CURRENCY="Egyptian Pound" ALPHABETICCODE="EGP" ISOCODE="818" MINORUNIT="2" />
	<row CURRENCY="El Salvador Colon" ALPHABETICCODE="SVC" ISOCODE="222" MINORUNIT="2" />
	<row CURRENCY="Nakfa" ALPHABETICCODE="ERN" ISOCODE="232" MINORUNIT="2" />
	<row CURRENCY="Ethiopian Birr" ALPHABETICCODE="ETB" ISOCODE="230" MINORUNIT="2" />
	<row CURRENCY="Falkland Islands Pound" ALPHABETICCODE="FKP" ISOCODE="238" MINORUNIT="2" />
	<row CURRENCY="Fiji Dollar" ALPHABETICCODE="FJD" ISOCODE="242" MINORUNIT="2" />
	<row CURRENCY="CFP Franc" ALPHABETICCODE="XPF" ISOCODE="953" MINORUNIT="0" />
	<row CURRENCY="Dalasi" ALPHABETICCODE="GMD" ISOCODE="270" MINORUNIT="2" />
	<row CURRENCY="Lari" ALPHABETICCODE="GEL" ISOCODE="981" MINORUNIT="2" />
	<row CURRENCY="Cedi" ALPHABETICCODE="GHS" ISOCODE="936" MINORUNIT="2" />
	<row CURRENCY="Gibraltar Pound" ALPHABETICCODE="GIP" ISOCODE="292" MINORUNIT="2" />
	<row CURRENCY="Quetzal" ALPHABETICCODE="GTQ" ISOCODE="320" MINORUNIT="2" />
	<row CURRENCY="Pound Sterling" ALPHABETICCODE="GBP" ISOCODE="826" MINORUNIT="2" />
	<row CURRENCY="Guinea Franc" ALPHABETICCODE="GNF" ISOCODE="324" MINORUNIT="0" />
	<row CURRENCY="Guyana Dollar" ALPHABETICCODE="GYD" ISOCODE="328" MINORUNIT="2" />
	<row CURRENCY="Gourde" ALPHABETICCODE="HTG" ISOCODE="332" MINORUNIT="2" />
	<row CURRENCY="Lempira" ALPHABETICCODE="HNL" ISOCODE="340" MINORUNIT="2" />
	<row CURRENCY="Hong Kong Dollar" ALPHABETICCODE="HKD" ISOCODE="344" MINORUNIT="2" />
	<row CURRENCY="Forint" ALPHABETICCODE="HUF" ISOCODE="348" MINORUNIT="2" />
	<row CURRENCY="Iceland Krona" ALPHABETICCODE="ISK" ISOCODE="352" MINORUNIT="0" />
	<row CURRENCY="Rupiah" ALPHABETICCODE="IDR" ISOCODE="360" MINORUNIT="2" />
	<row CURRENCY="SDR (Special Drawing Right)" ALPHABETICCODE="XDR" ISOCODE="960" MINORUNIT="0" />
	<row CURRENCY="Iranian Rial" ALPHABETICCODE="IRR" ISOCODE="364" MINORUNIT="2" />
	<row CURRENCY="Iraqi Dinar" ALPHABETICCODE="IQD" ISOCODE="368" MINORUNIT="3" />
	<row CURRENCY="New Israeli Sheqel" ALPHABETICCODE="ILS" ISOCODE="376" MINORUNIT="2" />
	<row CURRENCY="Jamaican Dollar" ALPHABETICCODE="JMD" ISOCODE="388" MINORUNIT="2" />
	<row CURRENCY="Yen" ALPHABETICCODE="JPY" ISOCODE="392" MINORUNIT="0" />
	<row CURRENCY="Jordanian Dinar" ALPHABETICCODE="JOD" ISOCODE="400" MINORUNIT="3" />
	<row CURRENCY="Tenge" ALPHABETICCODE="KZT" ISOCODE="398" MINORUNIT="2" />
	<row CURRENCY="Kenyan Shilling" ALPHABETICCODE="KES" ISOCODE="404" MINORUNIT="2" />
	<row CURRENCY="North Korean Won" ALPHABETICCODE="KPW" ISOCODE="408" MINORUNIT="2" />
	<row CURRENCY="Won" ALPHABETICCODE="KRW" ISOCODE="410" MINORUNIT="0" />
	<row CURRENCY="Kuwaiti Dinar" ALPHABETICCODE="KWD" ISOCODE="414" MINORUNIT="3" />
	<row CURRENCY="Som" ALPHABETICCODE="KGS" ISOCODE="417" MINORUNIT="2" />
	<row CURRENCY="Kip" ALPHABETICCODE="LAK" ISOCODE="418" MINORUNIT="2" />
	<row CURRENCY="Latvian Lats" ALPHABETICCODE="LVL" ISOCODE="428" MINORUNIT="2" />
	<row CURRENCY="Lebanese Pound" ALPHABETICCODE="LBP" ISOCODE="422" MINORUNIT="2" />
	<row CURRENCY="Loti" ALPHABETICCODE="LSL" ISOCODE="426" MINORUNIT="2" />
	<row CURRENCY="Rand" ALPHABETICCODE="ZAR" ISOCODE="710" MINORUNIT="2" />
	<row CURRENCY="Liberian Dollar" ALPHABETICCODE="LRD" ISOCODE="430" MINORUNIT="2" />
	<row CURRENCY="Libyan Dinar" ALPHABETICCODE="LYD" ISOCODE="434" MINORUNIT="3" />
	<row CURRENCY="Swiss Franc" ALPHABETICCODE="CHF" ISOCODE="756" MINORUNIT="2" />
	<row CURRENCY="Lithuanian Litas" ALPHABETICCODE="LTL" ISOCODE="440" MINORUNIT="2" />
	<row CURRENCY="Pataca" ALPHABETICCODE="MOP" ISOCODE="446" MINORUNIT="2" />
	<row CURRENCY="Denar" ALPHABETICCODE="MKD" ISOCODE="807" MINORUNIT="2" />
	<row CURRENCY="Malagasy Ariary" ALPHABETICCODE="MGA" ISOCODE="969" MINORUNIT="2" />
	<row CURRENCY="Kwacha" ALPHABETICCODE="MWK" ISOCODE="454" MINORUNIT="2" />
	<row CURRENCY="Malaysian Ringgit" ALPHABETICCODE="MYR" ISOCODE="458" MINORUNIT="2" />
	<row CURRENCY="Rufiyaa" ALPHABETICCODE="MVR" ISOCODE="462" MINORUNIT="2" />
	<row CURRENCY="Ouguiya" ALPHABETICCODE="MRO" ISOCODE="478" MINORUNIT="2" />
	<row CURRENCY="Mauritius Rupee" ALPHABETICCODE="MUR" ISOCODE="480" MINORUNIT="2" />
	<row CURRENCY="ADB Unit of Account" ALPHABETICCODE="XUA" ISOCODE="965" MINORUNIT="0" />
	<row CURRENCY="Mexican Peso" ALPHABETICCODE="MXN" ISOCODE="484" MINORUNIT="2" />
	<row CURRENCY="Mexican Unidad de Inversion (UDI)" ALPHABETICCODE="MXV" ISOCODE="979" MINORUNIT="2" />
	<row CURRENCY="Moldovan Leu" ALPHABETICCODE="MDL" ISOCODE="498" MINORUNIT="2" />
	<row CURRENCY="Tugrik" ALPHABETICCODE="MNT" ISOCODE="496" MINORUNIT="2" />
	<row CURRENCY="Moroccan Dirham" ALPHABETICCODE="MAD" ISOCODE="504" MINORUNIT="2" />
	<row CURRENCY="Metical" ALPHABETICCODE="MZN" ISOCODE="943" MINORUNIT="2" />
	<row CURRENCY="Kyat" ALPHABETICCODE="MMK" ISOCODE="104" MINORUNIT="2" />
	<row CURRENCY="Namibia Dollar" ALPHABETICCODE="NAD" ISOCODE="516" MINORUNIT="2" />
	<row CURRENCY="Nepalese Rupee" ALPHABETICCODE="NPR" ISOCODE="524" MINORUNIT="2" />
	<row CURRENCY="Cordoba Oro" ALPHABETICCODE="NIO" ISOCODE="558" MINORUNIT="2" />
	<row CURRENCY="Naira" ALPHABETICCODE="NGN" ISOCODE="566" MINORUNIT="2" />
	<row CURRENCY="Rial Omani" ALPHABETICCODE="OMR" ISOCODE="512" MINORUNIT="3" />
	<row CURRENCY="Pakistan Rupee" ALPHABETICCODE="PKR" ISOCODE="586" MINORUNIT="2" />
	<row CURRENCY="Balboa" ALPHABETICCODE="PAB" ISOCODE="590" MINORUNIT="2" />
	<row CURRENCY="Kina" ALPHABETICCODE="PGK" ISOCODE="598" MINORUNIT="2" />
	<row CURRENCY="Guarani" ALPHABETICCODE="PYG" ISOCODE="600" MINORUNIT="0" />
	<row CURRENCY="Nuevo Sol" ALPHABETICCODE="PEN" ISOCODE="604" MINORUNIT="2" />
	<row CURRENCY="Philippine Peso" ALPHABETICCODE="PHP" ISOCODE="608" MINORUNIT="2" />
	<row CURRENCY="Zloty" ALPHABETICCODE="PLN" ISOCODE="985" MINORUNIT="2" />
	<row CURRENCY="Qatari Rial" ALPHABETICCODE="QAR" ISOCODE="634" MINORUNIT="2" />
	<row CURRENCY="Leu" ALPHABETICCODE="RON" ISOCODE="946" MINORUNIT="2" />
	<row CURRENCY="Russian Ruble" ALPHABETICCODE="RUB" ISOCODE="643" MINORUNIT="2" />
	<row CURRENCY="Rwanda Franc" ALPHABETICCODE="RWF" ISOCODE="646" MINORUNIT="0" />
	<row CURRENCY="Saint Helena Pound" ALPHABETICCODE="SHP" ISOCODE="654" MINORUNIT="2" />
	<row CURRENCY="Tala" ALPHABETICCODE="WST" ISOCODE="882" MINORUNIT="2" />
	<row CURRENCY="Dobra" ALPHABETICCODE="STD" ISOCODE="678" MINORUNIT="2" />
	<row CURRENCY="Saudi Riyal" ALPHABETICCODE="SAR" ISOCODE="682" MINORUNIT="2" />
	<row CURRENCY="Serbian Dinar" ALPHABETICCODE="RSD" ISOCODE="941" MINORUNIT="2" />
	<row CURRENCY="Seychelles Rupee" ALPHABETICCODE="SCR" ISOCODE="690" MINORUNIT="2" />
	<row CURRENCY="Leone" ALPHABETICCODE="SLL" ISOCODE="694" MINORUNIT="2" />
	<row CURRENCY="Singapore Dollar" ALPHABETICCODE="SGD" ISOCODE="702" MINORUNIT="2" />
	<row CURRENCY="Sucre" ALPHABETICCODE="XSU" ISOCODE="994" MINORUNIT="0" />
	<row CURRENCY="Solomon Islands Dollar" ALPHABETICCODE="SBD" ISOCODE="090" MINORUNIT="2" />
	<row CURRENCY="Somali Shilling" ALPHABETICCODE="SOS" ISOCODE="706" MINORUNIT="2" />
	<row CURRENCY="South Sudanese Pound" ALPHABETICCODE="SSP" ISOCODE="728" MINORUNIT="2" />
	<row CURRENCY="Sri Lanka Rupee" ALPHABETICCODE="LKR" ISOCODE="144" MINORUNIT="2" />
	<row CURRENCY="Sudanese Pound" ALPHABETICCODE="SDG" ISOCODE="938" MINORUNIT="2" />
	<row CURRENCY="Surinam Dollar" ALPHABETICCODE="SRD" ISOCODE="968" MINORUNIT="2" />
	<row CURRENCY="Lilangeni" ALPHABETICCODE="SZL" ISOCODE="748" MINORUNIT="2" />
	<row CURRENCY="Swedish Krona" ALPHABETICCODE="SEK" ISOCODE="752" MINORUNIT="2" />
	<row CURRENCY="WIR Euro" ALPHABETICCODE="CHE" ISOCODE="947" MINORUNIT="2" />
	<row CURRENCY="WIR Franc" ALPHABETICCODE="CHW" ISOCODE="948" MINORUNIT="2" />
	<row CURRENCY="Syrian Pound" ALPHABETICCODE="SYP" ISOCODE="760" MINORUNIT="2" />
	<row CURRENCY="New Taiwan Dollar" ALPHABETICCODE="TWD" ISOCODE="901" MINORUNIT="2" />
	<row CURRENCY="Somoni" ALPHABETICCODE="TJS" ISOCODE="972" MINORUNIT="2" />
	<row CURRENCY="Tanzanian Shilling" ALPHABETICCODE="TZS" ISOCODE="834" MINORUNIT="2" />
	<row CURRENCY="Baht" ALPHABETICCODE="THB" ISOCODE="764" MINORUNIT="2" />
	<row CURRENCY="Pa’anga" ALPHABETICCODE="TOP" ISOCODE="776" MINORUNIT="2" />
	<row CURRENCY="Trinidad and Tobago Dollar" ALPHABETICCODE="TTD" ISOCODE="780" MINORUNIT="2" />
	<row CURRENCY="Tunisian Dinar" ALPHABETICCODE="TND" ISOCODE="788" MINORUNIT="3" />
	<row CURRENCY="Turkish Lira" ALPHABETICCODE="TRY" ISOCODE="949" MINORUNIT="2" />
	<row CURRENCY="New Manat" ALPHABETICCODE="TMT" ISOCODE="934" MINORUNIT="2" />
	<row CURRENCY="Uganda Shilling" ALPHABETICCODE="UGX" ISOCODE="800" MINORUNIT="2" />
	<row CURRENCY="Hryvnia" ALPHABETICCODE="UAH" ISOCODE="980" MINORUNIT="2" />
	<row CURRENCY="UAE Dirham" ALPHABETICCODE="AED" ISOCODE="784" MINORUNIT="2" />
	<row CURRENCY="US Dollar (Next day)" ALPHABETICCODE="USN" ISOCODE="997" MINORUNIT="2" />
	<row CURRENCY="US Dollar (Same day)" ALPHABETICCODE="USS" ISOCODE="998" MINORUNIT="2" />
	<row CURRENCY="Peso Uruguayo" ALPHABETICCODE="UYU" ISOCODE="858" MINORUNIT="2" />
	<row CURRENCY="Uruguay Peso en Unidades Indexadas (URUIURUI)" ALPHABETICCODE="UYI" ISOCODE="940" MINORUNIT="0" />
	<row CURRENCY="Uzbekistan Sum" ALPHABETICCODE="UZS" ISOCODE="860" MINORUNIT="2" />
	<row CURRENCY="Vatu" ALPHABETICCODE="VUV" ISOCODE="548" MINORUNIT="0" />
	<row CURRENCY="Bolivar Fuerte" ALPHABETICCODE="VEF" ISOCODE="937" MINORUNIT="2" />
	<row CURRENCY="Dong" ALPHABETICCODE="VND" ISOCODE="704" MINORUNIT="0" />
	<row CURRENCY="Yemeni Rial" ALPHABETICCODE="YER" ISOCODE="886" MINORUNIT="2" />
	<row CURRENCY="Zambian Kwacha" ALPHABETICCODE="ZMK" ISOCODE="894" MINORUNIT="2" />
	<row CURRENCY="Zimbabwe Dollar" ALPHABETICCODE="ZWL" ISOCODE="932" MINORUNIT="2" />
	<row CURRENCY="Bond Markets Unit European Composite Unit (EURCO)" ALPHABETICCODE="XBA" ISOCODE="955" MINORUNIT="0" />
	<row CURRENCY="Bond Markets Unit European Monetary Unit (E.M.U.-6)" ALPHABETICCODE="XBB" ISOCODE="956" MINORUNIT="0" />
	<row CURRENCY="Bond Markets Unit European Unit of Account 9 (E.U.A.-9)" ALPHABETICCODE="XBC" ISOCODE="957" MINORUNIT="0" />
	<row CURRENCY="Bond Markets Unit European Unit of Account 17 (E.U.A.-17)" ALPHABETICCODE="XBD" ISOCODE="958" MINORUNIT="0" />
	<row CURRENCY="UIC-Franc" ALPHABETICCODE="XFU" ISOCODE="000" MINORUNIT="0" />
	<row CURRENCY="Codes specifically reserved for testing purposes" ALPHABETICCODE="XTS" ISOCODE="963" MINORUNIT="0" />
	<row CURRENCY="Gold" ALPHABETICCODE="XAU" ISOCODE="959" MINORUNIT="0" />
	<row CURRENCY="Palladium" ALPHABETICCODE="XPD" ISOCODE="964" MINORUNIT="0" />
	<row CURRENCY="Platinum" ALPHABETICCODE="XPT" ISOCODE="962" MINORUNIT="0" />
	<row CURRENCY="Silver" ALPHABETICCODE="XAG" ISOCODE="961" MINORUNIT="0" />
	<row CURRENCY="The codes assigned for transactions where no currency is involved" ALPHABETICCODE="XXX" ISOCODE="999" MINORUNIT="0" />
</currency>