<?xml version="1.0" encoding="UTF-8"?>
<!--

    ***************************************************************************
    Copyright (c) 2018 RiceFish Limited
    Project: SmartMES
    Version: 1.6

    This file is part of SmartMES.

    SmartMES is Authorized software; you can redistribute it and/or modify
    it under the terms of the GNU Affero General Public License as published
    by the Free Software Foundation; either version 3 of the License,
    or (at your option) any later version.

    This program is distributed in the hope that it will be useful,
    but WITHOUT ANY WARRANTY; without even the implied warranty
    of MERCHANTABILITY or FITNESS FOR A PARTICULAR PURPOSE.
    See the GNU Affero General Public License for more details.

    You should have received a copy of the GNU Affero General Public License
    along with this program; if not, write to the Free Software
    Foundation, Inc., 51 Franklin St, Fifth Floor, Boston, MA  02110-1301  USA
    ***************************************************************************

-->
<reportColumnWidth>
	<row IDENTIFIER="productUnit" NAME="basic.reportColumnWidth.name.value.Unit" CHARTYPE="01smallChars" />
	<row IDENTIFIER="currency" NAME="basic.reportColumnWidth.name.value.Currency" CHARTYPE="01smallChars" />
	<row IDENTIFIER="number" NAME="basic.reportColumnWidth.name.value.Number" CHARTYPE="01smallChars" />
	<row IDENTIFIER="succession" NAME="basic.reportColumnWidth.name.value.Lp" CHARTYPE="01smallChars" />
	<row IDENTIFIER="price" NAME="basic.reportColumnWidth.name.value.Price" CHARTYPE="01smallChars" />
	<row IDENTIFIER="name" NAME="basic.reportColumnWidth.name.value.Name" CHARTYPE="01smallChars" />
	<row IDENTIFIER="quantity" NAME="basic.reportColumnWidth.name.value.Quantity" CHARTYPE="01smallChars" />
    <row IDENTIFIER="catalogNumber" NAME="basic.reportColumnWidth.name.value.CatalogNumber" CHARTYPE="01smallChars" />
</reportColumnWidth>