<?xml version="1.0" encoding="UTF-8" ?>
<!DOCTYPE log4j:configuration SYSTEM "log4j.dtd">
<log4j:configuration xmlns:log4j="http://jakarta.apache.org/log4j/">
	<appender name="root-log" class="org.apache.log4j.RollingFileAppender">
		<param name="file" value="${QCADOO_LOG}/root.log" />
		<param name="MaxFileSize" value="100MB" />
		<param name="MaxBackupIndex" value="10" />
		<layout class="org.apache.log4j.PatternLayout">
			<param name="ConversionPattern" value="%d [%t] %-5p %c - %m%n" />
		</layout>
	</appender>
	<appender name="model-log" class="org.apache.log4j.RollingFileAppender">
		<param name="file" value="${QCADOO_LOG}/model.log" />
		<param name="MaxFileSize" value="100MB" />
		<param name="MaxBackupIndex" value="5" />
		<layout class="org.apache.log4j.PatternLayout">
			<param name="ConversionPattern" value="%d [%t] %-5p %c - %m%n" />
		</layout>
	</appender>
	<appender name="plugin-log" class="org.apache.log4j.RollingFileAppender">
		<param name="file" value="${QCADOO_LOG}/plugin.log" />
		<param name="MaxFileSize" value="100MB" />
		<param name="MaxBackupIndex" value="5" />
		<layout class="org.apache.log4j.PatternLayout">
			<param name="ConversionPattern" value="%d [%t] %-5p %c - %m%n" />
		</layout>
	</appender>
	<appender name="view-log" class="org.apache.log4j.RollingFileAppender">
		<param name="file" value="${QCADOO_LOG}/view.log" />
		<param name="MaxFileSize" value="100MB" />
		<param name="MaxBackupIndex" value="5" />
		<layout class="org.apache.log4j.PatternLayout">
			<param name="ConversionPattern" value="%d [%t] %-5p %c - %m%n" />
		</layout>
	</appender>
	<appender name="localization-log" class="org.apache.log4j.RollingFileAppender">
		<param name="file" value="${QCADOO_LOG}/localization.log" />
		<param name="MaxFileSize" value="100MB" />
		<param name="MaxBackupIndex" value="5" />
		<layout class="org.apache.log4j.PatternLayout">
			<param name="ConversionPattern" value="%d [%t] %-5p %c - %m%n" />
		</layout>
	</appender>
	<appender name="security-log" class="org.apache.log4j.RollingFileAppender">
		<param name="file" value="${QCADOO_LOG}/security.log" />
		<param name="MaxFileSize" value="100MB" />
		<param name="MaxBackupIndex" value="5" />
		<layout class="org.apache.log4j.PatternLayout">
			<param name="ConversionPattern" value="%d [%t] %-5p %c - %m%n" />
		</layout>
	</appender>
	<appender name="report-log" class="org.apache.log4j.RollingFileAppender">
		<param name="file" value="${QCADOO_LOG}/report.log" />
		<param name="MaxFileSize" value="100MB" />
		<param name="MaxBackupIndex" value="5" />
		<layout class="org.apache.log4j.PatternLayout">
			<param name="ConversionPattern" value="%d [%t] %-5p %c - %m%n" />
		</layout>
	</appender>
	<appender name="connector-log" class="org.apache.log4j.RollingFileAppender">
		<param name="file" value="${QCADOO_LOG}/connector.log" />
		<param name="MaxFileSize" value="100MB" />
		<param name="MaxBackupIndex" value="5" />
		<layout class="org.apache.log4j.PatternLayout">
			<param name="ConversionPattern" value="%d [%t] %-5p %c - %m%n" />
		</layout>
	</appender>
	<appender name="activity-log" class="org.apache.log4j.RollingFileAppender">
		<param name="file" value="${QCADOO_LOG}/activity.log" />
		<param name="MaxFileSize" value="100MB" />
		<param name="MaxBackupIndex" value="1" />
		<layout class="org.apache.log4j.PatternLayout">
			<param name="ConversionPattern" value="%d [%t] %-5p %c - %m%n" />
		</layout>
	</appender>
	<appender name="warn-log" class="org.apache.log4j.RollingFileAppender">
		<param name="file" value="${QCADOO_LOG}/warn.log" />
		<param name="MaxFileSize" value="100MB" />
		<param name="MaxBackupIndex" value="5" />
		<param name="Threshold" value="warn"/>
		<layout class="org.apache.log4j.PatternLayout">
			<param name="ConversionPattern" value="%d [%t] %-5p %c - %m%n" />
		</layout>
	</appender>
	<appender name="translation-log" class="org.apache.log4j.RollingFileAppender">
		<param name="file" value="${QCADOO_LOG}/translation.log" />
		<param name="MaxFileSize" value="100MB" />
		<param name="MaxBackupIndex" value="5" />
		<layout class="org.apache.log4j.PatternLayout">
			<param name="ConversionPattern" value="%d [%t] %-5p %c - %m%n" />
		</layout>
	</appender>
	<appender name="performance-log" class="org.apache.log4j.RollingFileAppender">
		<param name="file" value="${QCADOO_LOG}/performance.log" />
		<param name="MaxFileSize" value="100MB" />
		<param name="MaxBackupIndex" value="5" />
		<layout class="org.apache.log4j.PatternLayout">
			<param name="ConversionPattern" value="%d [%t] %-5p %c - %m%n" />
		</layout>
	</appender>
	<appender name="sql-log" class="org.apache.log4j.RollingFileAppender">
		<param name="file" value="${QCADOO_LOG}/sql.log" />
		<param name="MaxFileSize" value="100MB" />
		<param name="MaxBackupIndex" value="5" />
		<layout class="org.apache.log4j.PatternLayout">
			<param name="ConversionPattern" value="%d [%t] %-5p %c - %m%n" />
		</layout>
	</appender>
	<appender name="cache-log" class="org.apache.log4j.RollingFileAppender">
		<param name="file" value="${QCADOO_LOG}/cache.log" />
		<param name="MaxFileSize" value="100MB" />
		<param name="MaxBackupIndex" value="5" />
		<layout class="org.apache.log4j.PatternLayout">
			<param name="ConversionPattern" value="%d [%t] %-5p %c - %m%n" />
		</layout>
	</appender>
	<appender name="cfg-log" class="org.apache.log4j.RollingFileAppender">
		<param name="file" value="${QCADOO_LOG}/cfg.log" />
		<param name="MaxFileSize" value="100MB" />
		<param name="MaxBackupIndex" value="5" />
		<layout class="org.apache.log4j.PatternLayout">
			<param name="ConversionPattern" value="%d [%t] %-5p %c - %m%n" />
		</layout>
	</appender>
	<appender name="tool-log" class="org.apache.log4j.RollingFileAppender">
		<param name="file" value="${QCADOO_LOG}/tool.log" />
		<param name="MaxFileSize" value="100MB" />
		<param name="MaxBackupIndex" value="5" />
		<layout class="org.apache.log4j.PatternLayout">
			<param name="ConversionPattern" value="%d [%t] %-5p %c - %m%n" />
		</layout>
	</appender>

	<logger name="org.apache">
		<level value="info" />
	</logger>

	<logger name="org.hibernate">
		<level value="info" />
	</logger>

	<logger name="org.hibernate.SQL" additivity="false">
		<level value="warn" />
		<appender-ref ref="sql-log" />
	</logger>

	<logger name="org.hibernate.cache" additivity="false">
		<level value="warn" />
		<appender-ref ref="cache-log" />
	</logger>

	<logger name="org.hibernate.cfg" additivity="false">
		<level value="warn" />
		<appender-ref ref="cfg-log" />
	</logger>

	<logger name="org.hibernate.dialect.function.TemplateRenderer" additivity="false">
		<level value="error" />
	</logger>

	<logger name="org.hibernate.tool" additivity="false">
		<level value="warn" />
		<appender-ref ref="tool-log" />
	</logger>

	<logger name="org.springframework">
		<level value="info" />
	</logger>

	<logger name="org.springframework.beans.factory.support.DefaultListableBeanFactory" additivity="false">
		<level value="warn" />
	</logger>

	<logger name="org.springframework.security.web.DefaultSecurityFilterChain" additivity="false">
		<level value="warn" />
	</logger>

	<logger name="org.springframework.web.servlet.mvc.annotation.DefaultAnnotationHandlerMapping" additivity="false">
		<level value="warn" />
	</logger>

	<logger name="net.sf.ehcache">
		<level value="info" />
	</logger>

	<logger name="com.zaxxer">
		<level value="info" />
	</logger>

	<logger name="com.qcadoo.mes">
		<level value="info" />
	</logger>

	<logger name="com.qcadoo.mes.basic.activityStream.model.ActivityDto" additivity="false">
		<level value="info" />
		<appender-ref ref="activity-log" />
	</logger>

	<logger name="com.qcadoo.mes.integration">
		<level value="info" />
		<appender-ref ref="connector-log" />
	</logger>

	<logger name="com.qcadoo.mes.internal">
		<level value="error" />
	</logger>

	<logger name="com.qcadoo.localization">
		<level value="warn" />
		<appender-ref ref="localization-log" />
	</logger>

	<logger name="com.qcadoo.model">
		<level value="info" />
		<appender-ref ref="model-log" />
	</logger>

	<logger name="com.qcadoo.model.internal.classconverter.ModelXmlToClassConverterImpl" additivity="false">
		<level value="warn" />
		<appender-ref ref="model-log" />
	</logger>

	<logger name="com.qcadoo.model.internal.definitionconverter.ModelXmlToDefinitionConverterImpl" additivity="false">
		<level value="warn" />
		<appender-ref ref="model-log" />
	</logger>

	<logger name="com.qcadoo.model.internal.hbmconverter.ModelXmlToHbmConverterImpl" additivity="false">
		<level value="warn" />
		<appender-ref ref="model-log" />
	</logger>

	<logger name="com.qcadoo.plugin">
		<level value="info" />
		<appender-ref ref="plugin-log" />
	</logger>

	<logger name="com.qcadoo.plugin.internal.accessor.DefaultPluginAccessor" additivity="false">
		<level value="info" />
		<appender-ref ref="plugin-log" />
	</logger>

	<logger name="com.qcadoo.plugin.internal.descriptorparser.DefaultPluginDescriptorParser" additivity="false">
		<level value="warn" />
		<appender-ref ref="plugin-log" />
	</logger>

	<logger name="com.qcadoo.report">
		<level value="warn" />
		<appender-ref ref="report-log" />
	</logger>

	<logger name="com.qcadoo.security">
		<level value="warn" />
		<appender-ref ref="security-log" />
	</logger>

	<logger name="com.qcadoo.view">
		<level value="info" />
		<appender-ref ref="view-log" />
	</logger>

	<logger name="com.qcadoo.view.internal.JsonMapperHttpMessageConverter" additivity="false">
		<level value="debug" />
		<appender-ref ref="connector-log" />
	</logger>

	<logger name="com.qcadoo.view.internal.internal.ViewComponentsResolverImpl" additivity="false">
		<level value="warn" />
		<appender-ref ref="view-log" />
	</logger>

	<logger name="com.qcadoo.view.internal.xml.ViewDefinitionParserImpl" additivity="false">
		<level value="warn" />
		<appender-ref ref="view-log" />
	</logger>

	<logger name="PERFORMANCE" additivity="false">
		<level value="warn" />
		<appender-ref ref="performance-log" />
	</logger>

	<logger name="TRANSLATION" additivity="false">
		<level value="warn" />
		<appender-ref ref="translation-log" />
	</logger>

	<root>
		<level value="info" />
		<appender-ref ref="root-log" />
		<appender-ref ref="warn-log" />
	</root>

</log4j:configuration>
